created_date,series,exp_id,horizon_days,up_threshold,down_threshold,strict_monotonic,max_adverse_move_pct,hit_within_horizon,price_source,feature_mode,n_features,signal_threshold,signal_threshold_trade,direction_thr_down,direction_thr_up,test_signal_move_f1,test_direction_up_f1,test_direction_down_f1,test_combined_acc,test_combined_macro_f1,config_path,base_result_path,final_result_path,changes_vs_prev_in_series
2025-11-15,v,v0_h4_thr1pct_strict,4,0.01,-0.01,True,,,,,35,,,,,0.24242424242424243,0.8888888888888888,0.9,0.8853211009174312,0.46417023836378674,data/processed/experiments/v0_h4_thr1pct_strict_config.json,results/two_stage_v0_h4_thr1pct_strict.json,notebooks/results/final_two_stage/two_stage_final__v0_h4_thr1pct_strict.json,
2025-11-15,v,v1_h4_thr0p5pct_strict,4,0.005,-0.005,True,,,,,35,,,,,0.21739130434782608,0.6,0.7142857142857143,0.8302752293577982,0.4115246760408051,data/processed/experiments/v1_h4_thr0p5pct_strict_config.json,notebooks/results/two_stage__v1_h4_thr0p5pct_strict.json,notebooks/results/final_two_stage/two_stage_final__v1_h4_thr0p5pct_strict.json,Up-Schwelle: 1.00% → 0.50% | Down-Schwelle: -1.00% → -0.50% | Signal-scale_pos_weight: 10.63076923076923 → 7.689655172413793
2025-11-18,v,v2_h4_thr0p5pct_strict_newfeat,4,0.005,-0.005,True,,,,,32,,,,,0.21739130434782608,0.6666666666666666,0.7407407407407407,0.8348623853211009,0.4461538461538462,data/processed/experiments/v2_h4_thr0p5pct_strict_newfeat_config.json,notebooks/results/two_stage__v2_h4_thr0p5pct_strict_newfeat.json,,Feature-Anzahl: 35 → 32
2025-11-18,v,v3_h4_thr0p3pct_relaxed,4,0.003,-0.003,False,,,,,35,,,,,0.7468354430379747,0.6900584795321637,0.6666666666666666,0.46788990825688076,0.4570097077007304,data/processed/experiments/v3_h4_thr0p3pct_relaxed_config.json,notebooks/results/two_stage__v3_h4_thr0p3pct_relaxed.json,notebooks/results/final_two_stage/two_stage_final__v3_h4_thr0p3pct_relaxed.json,Up-Schwelle: 0.50% → 0.30% | Down-Schwelle: -0.50% → -0.30% | strict_monotonic: True → False | Feature-Anzahl: 32 → 35 | Signal-scale_pos_weight: 7.689655172413793 → 0.37454545454545457
2025-11-18,v,v5_h4_thr0p5pct_tolerant0p3pct_spw1p0,4,0.005,-0.005,False,0.003,,,,32,,,,,0.5350877192982456,0.7727272727272727,0.7,0.44954128440366975,0.42984631647422344,data/processed/experiments/v5_h4_thr0p5pct_tolerant0p3pct_spw1p0_config.json,notebooks/results/two_stage__v5_h4_thr0p5pct_tolerant0p3pct_spw1p0.json,,Up-Schwelle: 0.30% → 0.50% | Down-Schwelle: -0.30% → -0.50% | max_adverse_move_pct: — → 0.30% | Feature-Anzahl: 35 → 32 | Signal-scale_pos_weight: 0.37454545454545457 → 1.2366863905325445
2025-11-19,v,v4_h4_thr0p5pct_tolerant0p3pct,4,0.005,-0.005,False,0.003,,,,35,,,,,0.6016260162601627,0.75,0.6923076923076923,0.481651376146789,0.47741274828863195,data/processed/experiments/v4_h4_thr0p5pct_tolerant0p3pct_config.json,notebooks/results/up_only__v4_h4_thr0p5pct_tolerant0p3pct.json,notebooks/results/final_two_stage/two_stage_final__v4_h4_thr0p5pct_tolerant0p3pct.json,Feature-Anzahl: 32 → 35
2025-11-19,v,v6_h4_thr0p5pct_tolerant0p3pct_sigdepth2,4,0.005,-0.005,False,0.003,,,,32,,,,,0.3372093023255814,0.7727272727272727,0.7,0.44036697247706424,0.3498521295428512,data/processed/experiments/v6_h4_thr0p5pct_tolerant0p3pct_sigdepth2_config.json,notebooks/results/two_stage__v6_h4_thr0p5pct_tolerant0p3pct_sigdepth2.json,,Feature-Anzahl: 35 → 32 | Signal-max_depth: 3 → 2 | Signal-subsample: 0.9 → 0.8 | Signal-colsample_bytree: 0.9 → 0.8 | Signal-gamma: None → 1.0 | Signal-min_child_weight: None → 5 | Signal-scale_pos_weight: 1.2366863905325445 → 1.0
2025-11-19,v,v7_h4_thr0p5pct_tolerant0p3pct_sigdepth4_n600,4,0.005,-0.005,False,0.003,,,,32,,,,,0.5374449339207048,0.7727272727272727,0.7,0.4541284403669725,0.4369803296119085,data/processed/experiments/v7_h4_thr0p5pct_tolerant0p3pct_sigdepth4_n600_config.json,notebooks/results/two_stage__v7_h4_thr0p5pct_tolerant0p3pct_sigdepth4_n600.json,,Signal-max_depth: 2 → 4 | Signal-subsample: 0.8 → 0.9 | Signal-colsample_bytree: 0.8 → 0.9 | Signal-gamma: 1.0 → None | Signal-min_child_weight: 5 → None | Signal-scale_pos_weight: 1.0 → 1.2366863905325445
2025-11-19,v,v8_h4_thr0p5pct_tolerant0p3pct_sig_easytrain,4,0.005,-0.005,False,0.003,,,,32,,,,,0.592,0.7727272727272727,0.7,0.42201834862385323,0.41555916258802506,data/processed/experiments/v8_h4_thr0p5pct_tolerant0p3pct_sig_easytrain_config.json,notebooks/results/two_stage__v8_h4_thr0p5pct_tolerant0p3pct_sig_easytrain.json,,Signal-max_depth: 4 → 3 | Signal-scale_pos_weight: 1.2366863905325445 → 0.25098039215686274
2025-11-19,s,s1_h4_thr0p5pct_tol0p3,4,0.005,-0.005,False,0.003,,,,32,,,,,,,,,,data/processed/experiments/s1_h4_thr0p5pct_tol0p3_config.json,notebooks/results/up_only__s1_h4_thr0p5pct_tol0p3.json,,
2025-11-21,v,v9_h4_thr0p5pct_tol0p3_30dfeat,4,0.005,-0.005,False,0.003,,,,32,,,,,0.5350877192982456,0.7727272727272727,0.7,0.44954128440366975,0.42984631647422344,data/processed/experiments/v9_h4_thr0p5pct_tol0p3_30dfeat_config.json,notebooks/results/two_stage__v9_h4_thr0p5pct_tol0p3_30dfeat.json,,Signal-scale_pos_weight: 0.25098039215686274 → 1.2366863905325445
2025-11-21,v,v10_h4_thr0p3pct_tol0p3_30dfeat,4,0.003,-0.003,False,0.003,,,,32,,,,,,,,,,data/processed/experiments/v10_h4_thr0p3pct_tol0p3_30dfeat_config.json,notebooks/results/up_only__v10_h4_thr0p3pct_tol0p3_30dfeat.json,,Up-Schwelle: 0.50% → 0.30% | Down-Schwelle: -0.50% → -0.30%
2025-11-21,s,s2_h4_thr0p5pct_tol0p3,4,0.005,-0.005,False,0.003,,,,32,,,,,,,,,,data/processed/experiments/s2_h4_thr0p5pct_tol0p3_config.json,notebooks/results/up_only__s2_h4_thr0p5pct_tol0p3.json,,
2025-11-21,s,s3a_h4_thr0p3pct_tol0p3_30dfeat,4,0.003,-0.003,False,0.003,,,,32,,,,,,,,,,data/processed/experiments/s3a_h4_thr0p3pct_tol0p3_30dfeat_config.json,notebooks/results/up_only__s3a_h4_thr0p3pct_tol0p3_30dfeat.json,,Up-Schwelle: 0.50% → 0.30% | Down-Schwelle: -0.50% → -0.30%
2025-11-21,s,s3b_h4_thr0p3pct_tol0p3_30dfeat,4,0.003,-0.003,False,0.003,,,,32,,,,,,,,,,data/processed/experiments/s3b_h4_thr0p3pct_tol0p3_30dfeat_config.json,notebooks/results/down_only__s3b_h4_thr0p3pct_tol0p3_30dfeat.json,,
2025-11-22,nv,nv1_h4_thr0p7pct_tolerant0p3pct,4,0.007,-0.007,False,0.003,,,,35,,,,,0.43023255813953487,0.7157894736842105,0.6493506493506493,0.5091743119266054,0.407898428731762,data/processed/experiments/nv1_h4_thr0p7pct_tolerant0p3pct_config.json,notebooks/results/two_stage__nv1_h4_thr0p7pct_tolerant0p3pct.json,notebooks/results/final_two_stage/two_stage_final__nv1_h4_thr0p7pct_tolerant0p3pct.json,
2025-11-22,nv,nv2_h4_thr0p_8pct_tolerant0p4pct,4,0.008,-0.008,False,0.004,,,,35,,,,,0.44970414201183434,0.7209302325581395,0.5862068965517241,0.5275229357798165,0.4274848746758859,data/processed/experiments/nv2_h4_thr0p_8pct_tolerant0p4pct_config.json,notebooks/results/two_stage__nv2_h4_thr0p_8pct_tolerant0p4pct.json,notebooks/results/final_two_stage/two_stage_final__nv2_h4_thr0p_8pct_tolerant0p4pct.json,Up-Schwelle: 0.70% → 0.80% | Down-Schwelle: -0.70% → -0.80% | max_adverse_move_pct: 0.30% → 0.40% | Signal-scale_pos_weight: 1.8208955223880596 → 2.0483870967741935
2025-11-22,nv,nv3_h4_thr0p_65pct_tolerant0p35pct,4,0.0065,-0.0065,False,0.0035,,,,35,,,,,0.5533980582524272,0.7184466019417476,0.6741573033707865,0.5,0.4563465519987259,data/processed/experiments/nv3_h4_thr0p_65pct_tolerant0p35pct_config.json,notebooks/results/two_stage__nv3_h4_thr0p_65pct_tolerant0p35pct.json,notebooks/results/final_two_stage/two_stage_final__nv3_h4_thr0p_65pct_tolerant0p35pct.json,Up-Schwelle: 0.80% → 0.65% | Down-Schwelle: -0.80% → -0.65% | max_adverse_move_pct: 0.40% → 0.35% | Signal-scale_pos_weight: 2.0483870967741935 → 1.5627118644067797
2025-11-22,nv,nv4_h4_thr0p_65pct_tolerant0p15pct,4,0.0065,-0.0065,False,0.0015,,,,35,,,,,0.40476190476190477,0.782608695652174,0.7297297297297297,0.518348623853211,0.43595294906330845,data/processed/experiments/nv4_h4_thr0p_65pct_tolerant0p15pct_config.json,notebooks/results/two_stage__nv4_h4_thr0p_65pct_tolerant0p15pct.json,notebooks/results/final_two_stage/two_stage_final__nv4_h4_thr0p_65pct_tolerant0p15pct.json,max_adverse_move_pct: 0.35% → 0.15% | Signal-scale_pos_weight: 1.5627118644067797 → 1.8854961832061068
2025-11-28,nv,nv5_h4_thr0p_65pct_tolerant0p15pct_7p,4,0.0065,-0.0065,False,0.0015,,,,35,0.7,,,,0.06593406593406594,0.782608695652174,0.7297297297297297,0.6055045871559633,0.2750172532781228,data/processed/experiments/nv5_h4_thr0p_65pct_tolerant0p15pct_7p_config.json,notebooks/results/two_stage__nv5_h4_thr0p_65pct_tolerant0p15pct_7p.json,notebooks/results/final_two_stage/two_stage_final__nv5_h4_thr0p_65pct_tolerant0p15pct_7p.json,Signal-Threshold: None → 0.7
2025-11-28,nv,nv6_h4_thr0p_6pct_tolerant0p15pct_6p,4,0.006,-0.006,False,0.002,,,,35,0.6,,,,0.2595419847328244,0.7524752475247525,0.6987951807228916,0.5458715596330275,0.3711907171287863,data/processed/experiments/nv6_h4_thr0p_6pct_tolerant0p15pct_6p_config.json,notebooks/results/two_stage__nv6_h4_thr0p_6pct_tolerant0p15pct_6p.json,notebooks/results/final_two_stage/two_stage_final__nv6_h4_thr0p_6pct_tolerant0p15pct_6p.json,Up-Schwelle: 0.65% → 0.60% | Down-Schwelle: -0.65% → -0.60% | max_adverse_move_pct: 0.15% → 0.20% | Signal-Threshold: 0.7 → 0.6 | Signal-scale_pos_weight: 1.8854961832061068 → 1.6433566433566433
2025-11-28,nv,nv7_h4_thr0p_6pct_tolerant0p2pct_7p,4,0.006,-0.006,False,0.002,,,,35,0.7,,,,0.061224489795918366,0.7524752475247525,0.6987951807228916,0.5779816513761468,0.2822964374463723,data/processed/experiments/nv7_h4_thr0p_6pct_tolerant0p2pct_7p_config.json,notebooks/results/two_stage__nv7_h4_thr0p_6pct_tolerant0p2pct_7p.json,notebooks/results/final_two_stage/two_stage_final__nv7_h4_thr0p_6pct_tolerant0p2pct_7p.json,Signal-Threshold: 0.6 → 0.7
2025-11-28,nv,nv8_h4_thr0p_6pct_tolerant0p2pct_6p,4,0.006,-0.006,False,0.002,,,,35,0.6,,,,0.2595419847328244,0.7524752475247525,0.6987951807228916,0.5458715596330275,0.3711907171287863,data/processed/experiments/nv8_h4_thr0p_6pct_tolerant0p2pct_6p_config.json,notebooks/results/two_stage__nv8_h4_thr0p_6pct_tolerant0p2pct_6p.json,notebooks/results/final_two_stage/two_stage_final__nv8_h4_thr0p_6pct_tolerant0p2pct_6p.json,Signal-Threshold: 0.7 → 0.6
2025-11-28,nv,nv9_h4_thr0p_55pct_tolerant0p2pct_6p,4,0.0055,-0.0055,False,0.002,,,,35,0.6,,,,0.234375,0.7428571428571429,0.7096774193548387,0.5458715596330275,0.3730593607305936,data/processed/experiments/nv9_h4_thr0p_55pct_tolerant0p2pct_6p_config.json,notebooks/results/two_stage__nv9_h4_thr0p_55pct_tolerant0p2pct_6p.json,notebooks/results/final_two_stage/two_stage_final__nv9_h4_thr0p_55pct_tolerant0p2pct_6p.json,Up-Schwelle: 0.60% → 0.55% | Down-Schwelle: -0.60% → -0.55% | Signal-scale_pos_weight: 1.6433566433566433 → 1.5116279069767442
2025-11-28,nv,nv10_h4_thr0p_55pct_tolerant0p1pct_6p,4,0.0055,-0.0055,False,0.001,,,,35,0.6,,,,0.21666666666666667,0.803921568627451,0.7619047619047619,0.5642201834862385,0.36370102471368293,data/processed/experiments/nv10_h4_thr0p_55pct_tolerant0p1pct_6p_config.json,notebooks/results/two_stage__nv10_h4_thr0p_55pct_tolerant0p1pct_6p.json,notebooks/results/final_two_stage/two_stage_final__nv10_h4_thr0p_55pct_tolerant0p1pct_6p.json,max_adverse_move_pct: 0.20% → 0.10% | Signal-scale_pos_weight: 1.5116279069767442 → 1.7
2025-11-28,nv,nv11_h4_thr0p_4pct_tolerant0p1pct_6p,4,0.004,-0.004,False,0.001,,,,35,0.6,,,,0.128,0.8099173553719008,0.7526881720430108,0.4954128440366973,0.29405762509637634,data/processed/experiments/nv11_h4_thr0p_4pct_tolerant0p1pct_6p_config.json,notebooks/results/two_stage__nv11_h4_thr0p_4pct_tolerant0p1pct_6p.json,notebooks/results/final_two_stage/two_stage_final__nv11_h4_thr0p_4pct_tolerant0p1pct_6p.json,Up-Schwelle: 0.55% → 0.40% | Down-Schwelle: -0.55% → -0.40% | Signal-scale_pos_weight: 1.7 → 1.166189111747851
2025-11-28,nv,nv12_h4_thr0p_3pct_tolerant0p1pct_6p,4,0.003,-0.003,False,0.001,,,,35,0.6,,,,0.0,0.8194444444444444,0.7719298245614035,0.40825688073394495,0.19326818675352878,data/processed/experiments/nv12_h4_thr0p_3pct_tolerant0p1pct_6p_config.json,notebooks/results/two_stage__nv12_h4_thr0p_3pct_tolerant0p1pct_6p.json,notebooks/results/final_two_stage/two_stage_final__nv12_h4_thr0p_3pct_tolerant0p1pct_6p.json,Up-Schwelle: 0.40% → 0.30% | Down-Schwelle: -0.40% → -0.30% | Signal-scale_pos_weight: 1.166189111747851 → 0.9585492227979274
2025-11-28,nv,nv13_h4_thr0p_3pct_tolerant0p1pct_4p,4,0.003,-0.003,False,0.001,,,,35,0.4,,,,0.7435158501440923,0.8194444444444444,0.7719298245614035,0.4724770642201835,0.39372721614652795,data/processed/experiments/nv13_h4_thr0p_3pct_tolerant0p1pct_4p_config.json,notebooks/results/two_stage__nv13_h4_thr0p_3pct_tolerant0p1pct_4p.json,notebooks/results/final_two_stage/two_stage_final__nv13_h4_thr0p_3pct_tolerant0p1pct_4p.json,Signal-Threshold: 0.6 → 0.4
2025-11-28,nv,nv14_h4_thr0p_3pct_tolerant0p1pct_51p,4,0.003,-0.003,False,0.001,,,,35,0.51,,,,0.1111111111111111,0.8194444444444444,0.7719298245614035,0.40825688073394495,0.254847462113692,data/processed/experiments/nv14_h4_thr0p_3pct_tolerant0p1pct_51p_config.json,notebooks/results/two_stage__nv14_h4_thr0p_3pct_tolerant0p1pct_51p.json,notebooks/results/final_two_stage/two_stage_final__nv14_h4_thr0p_3pct_tolerant0p1pct_51p.json,Signal-Threshold: 0.4 → 0.51
2025-11-28,nv,nv15_h4_thr0p_3pct_tolerant0p1pct_5p,4,0.003,-0.003,False,0.001,,,,35,0.5,,,,0.2,0.8194444444444444,0.7719298245614035,0.39908256880733944,0.28316163203538797,data/processed/experiments/nv15_h4_thr0p_3pct_tolerant0p1pct_5p_config.json,notebooks/results/two_stage__nv15_h4_thr0p_3pct_tolerant0p1pct_5p.json,notebooks/results/final_two_stage/two_stage_final__nv15_h4_thr0p_3pct_tolerant0p1pct_5p.json,Signal-Threshold: 0.51 → 0.5
2025-11-28,nv,nv16_h4_thr0p_3pct_tolerant0p1pct_5p,4,0.003,-0.003,False,,,,,35,0.5,,,,0.7468354430379747,0.6900584795321637,0.6666666666666666,0.46788990825688076,0.4570097077007304,data/processed/experiments/nv16_h4_thr0p_3pct_tolerant0p1pct_5p_config.json,notebooks/results/two_stage__nv16_h4_thr0p_3pct_tolerant0p1pct_5p.json,notebooks/results/final_two_stage/two_stage_final__nv16_h4_thr0p_3pct_tolerant0p1pct_5p.json,max_adverse_move_pct: 0.10% → — | Signal-scale_pos_weight: 0.9585492227979274 → 0.37454545454545457
2025-11-28,nv,nv17_h4_thr0p_3pct_tolerant0p1pct_6p,4,0.003,-0.003,False,,,,,35,0.6,,,,0.6,0.6900584795321637,0.6666666666666666,0.44495412844036697,0.45063524130190796,data/processed/experiments/nv17_h4_thr0p_3pct_tolerant0p1pct_6p_config.json,notebooks/results/two_stage__nv17_h4_thr0p_3pct_tolerant0p1pct_6p.json,notebooks/results/final_two_stage/two_stage_final__nv17_h4_thr0p_3pct_tolerant0p1pct_6p.json,Signal-Threshold: 0.5 → 0.6
2025-11-28,nv,nv18_h4_thr0p_3pct_tolerant0p1pct_7p,4,0.003,-0.003,False,,,,,35,0.7,,,,0.2198952879581152,0.6900584795321637,0.6666666666666666,0.28440366972477066,0.23115652262670294,data/processed/experiments/nv18_h4_thr0p_3pct_tolerant0p1pct_7p_config.json,notebooks/results/two_stage__nv18_h4_thr0p_3pct_tolerant0p1pct_7p.json,notebooks/results/final_two_stage/two_stage_final__nv18_h4_thr0p_3pct_tolerant0p1pct_7p.json,Signal-Threshold: 0.6 → 0.7
2025-11-28,nv,nv19_h4_thr0p_3pct_tolerant0p1pct_55p,4,0.003,-0.003,False,,,,,35,0.55,,,,0.6758620689655173,0.6900584795321637,0.6666666666666666,0.4541284403669725,0.4546077970735505,data/processed/experiments/nv19_h4_thr0p_3pct_tolerant0p1pct_55p_config.json,notebooks/results/two_stage__nv19_h4_thr0p_3pct_tolerant0p1pct_55p.json,notebooks/results/final_two_stage/two_stage_final__nv19_h4_thr0p_3pct_tolerant0p1pct_55p.json,Signal-Threshold: 0.7 → 0.55
2025-11-28,nv,nv20_h4_thr0p_6pct_tolerant0p1pct_55p,4,0.006,-0.006,False,,,,,35,0.55,,,,0.5463414634146342,0.6896551724137931,0.6326530612244898,0.4954128440366973,0.4456283725491705,data/processed/experiments/nv20_h4_thr0p_6pct_tolerant0p1pct_55p_config.json,notebooks/results/two_stage__nv20_h4_thr0p_6pct_tolerant0p1pct_55p.json,notebooks/results/final_two_stage/two_stage_final__nv20_h4_thr0p_6pct_tolerant0p1pct_55p.json,Up-Schwelle: 0.30% → 0.60% | Down-Schwelle: -0.30% → -0.60% | Signal-scale_pos_weight: 0.37454545454545457 → 1.16
2025-11-28,nv,nv21_h4_thr0p_6pct_tolerant0p6pct_55p,4,0.006,-0.006,False,0.6,,,,35,0.55,,,,0.5463414634146342,0.6896551724137931,0.6326530612244898,0.4954128440366973,0.4456283725491705,data/processed/experiments/nv21_h4_thr0p_6pct_tolerant0p6pct_55p_config.json,notebooks/results/two_stage__nv21_h4_thr0p_6pct_tolerant0p6pct_55p.json,notebooks/results/final_two_stage/two_stage_final__nv21_h4_thr0p_6pct_tolerant0p6pct_55p.json,max_adverse_move_pct: — → 60.00%
2025-11-28,nv,nv22_h4_thr0p_3pct_tolerant_p_pct_55p,4,0.003,-0.003,False,,,,,35,0.55,,,,0.6758620689655173,0.6900584795321637,0.6666666666666666,0.4541284403669725,0.4546077970735505,data/processed/experiments/nv22_h4_thr0p_3pct_tolerant_p_pct_55p_config.json,notebooks/results/two_stage__nv22_h4_thr0p_3pct_tolerant_p_pct_55p.json,notebooks/results/final_two_stage/two_stage_final__nv22_h4_thr0p_3pct_tolerant_p_pct_55p.json,Up-Schwelle: 0.60% → 0.30% | Down-Schwelle: -0.60% → -0.30% | max_adverse_move_pct: 60.00% → — | Signal-scale_pos_weight: 1.16 → 0.37454545454545457
2025-11-28,nv,nv23_h3_thr0p_3pct_tolerant_p_pct_55p,3,0.003,-0.003,False,,,,,35,0.55,,,,0.6910299003322259,0.7204968944099379,0.697986577181208,0.4429223744292237,0.4349801736101568,data/processed/experiments/nv23_h3_thr0p_3pct_tolerant_p_pct_55p_config.json,notebooks/results/two_stage__nv23_h3_thr0p_3pct_tolerant_p_pct_55p.json,notebooks/results/final_two_stage/two_stage_final__nv23_h3_thr0p_3pct_tolerant_p_pct_55p.json,Horizont (h): 4 → 3 | Signal-scale_pos_weight: 0.37454545454545457 → 0.4482758620689655
2025-11-28,nv,nv24_h6_thr0p_6pct_tolerant_p_pct_55p,6,0.006,-0.006,False,,,,,35,0.55,,,,0.0,0.6017699115044248,0.64,0.44907407407407407,0.20660276890308837,data/processed/experiments/nv24_h6_thr0p_6pct_tolerant_p_pct_55p_config.json,notebooks/results/two_stage__nv24_h6_thr0p_6pct_tolerant_p_pct_55p.json,notebooks/results/final_two_stage/two_stage_final__nv24_h6_thr0p_6pct_tolerant_p_pct_55p.json,Horizont (h): 3 → 6 | Up-Schwelle: 0.30% → 0.60% | Down-Schwelle: -0.30% → -0.60% | Signal-scale_pos_weight: 0.4482758620689655 → 0.7704918032786885
2025-11-28,nv,nv25_h6_thr1p_0pct_tolerant_p_pct_55p,6,0.01,-0.01,False,,,,,35,0.55,,,,0.3586206896551724,0.6666666666666666,0.5172413793103449,0.5416666666666666,0.40178998428639745,data/processed/experiments/nv25_h6_thr1p_0pct_tolerant_p_pct_55p_config.json,notebooks/results/two_stage__nv25_h6_thr1p_0pct_tolerant_p_pct_55p.json,notebooks/results/final_two_stage/two_stage_final__nv25_h6_thr1p_0pct_tolerant_p_pct_55p.json,Up-Schwelle: 0.60% → 1.00% | Down-Schwelle: -0.60% → -1.00% | Signal-scale_pos_weight: 0.7704918032786885 → 2.0119521912350598
2025-11-28,nv,nv26_h6_thr1p_0pct_strict_p_pct_55p,6,0.01,-0.01,True,,,,,35,0.55,,,,0.0,1.0,1.0,0.9814814814814815,0.3302180685358255,data/processed/experiments/nv26_h6_thr1p_0pct_strict_p_pct_55p_config.json,notebooks/results/two_stage__nv26_h6_thr1p_0pct_strict_p_pct_55p.json,notebooks/results/final_two_stage/two_stage_final__nv26_h6_thr1p_0pct_strict_p_pct_55p.json,strict_monotonic: False → True | Signal-scale_pos_weight: 2.0119521912350598 → 38.78947368421053
2025-11-28,nv,nv26_h6_thr1p_0pct_tolerant_p_pct_55p,6,0.01,-0.01,True,,,,,35,0.55,,,,0.0,1.0,1.0,0.9814814814814815,0.3302180685358255,data/processed/experiments/nv26_h6_thr1p_0pct_tolerant_p_pct_55p_config.json,notebooks/results/two_stage__nv26_h6_thr1p_0pct_tolerant_p_pct_55p.json,notebooks/results/final_two_stage/two_stage_final__nv26_h6_thr1p_0pct_tolerant_p_pct_55p.json,
2025-11-28,nv,nv27_h6_thr1p_0pct_tolerant_p_pct_5p,6,0.01,-0.01,False,0.005,,,,35,0.5,,,,0.36496350364963503,0.8192771084337349,0.6808510638297872,0.5833333333333334,0.4318135170020525,data/processed/experiments/nv27_h6_thr1p_0pct_tolerant_p_pct_5p_config.json,notebooks/results/two_stage__nv27_h6_thr1p_0pct_tolerant_p_pct_5p.json,notebooks/results/final_two_stage/two_stage_final__nv27_h6_thr1p_0pct_tolerant_p_pct_5p.json,strict_monotonic: True → False | max_adverse_move_pct: — → 0.50% | Signal-Threshold: 0.55 → 0.5 | Signal-scale_pos_weight: 38.78947368421053 → 2.36
2025-11-28,nv,nv28_h6_thr1p_5pct_tolerant_p_pct_5p,6,0.015,-0.015,False,,,,,35,0.5,,,,0.16,0.7272727272727273,0.21052631578947367,0.6990740740740741,0.3248242693303736,data/processed/experiments/nv28_h6_thr1p_5pct_tolerant_p_pct_5p_config.json,notebooks/results/two_stage__nv28_h6_thr1p_5pct_tolerant_p_pct_5p.json,notebooks/results/final_two_stage/two_stage_final__nv28_h6_thr1p_5pct_tolerant_p_pct_5p.json,Up-Schwelle: 1.00% → 1.50% | Down-Schwelle: -1.00% → -1.50% | max_adverse_move_pct: 0.50% → — | Signal-scale_pos_weight: 2.36 → 4.8604651162790695
2025-11-28,nv,nv29_h4_thr0p_3pct_tolerant_0p_1pct_55p,4,0.003,-0.003,False,0.0155,,,,35,0.5,,,,0.7468354430379747,0.6900584795321637,0.6666666666666666,0.46788990825688076,0.4570097077007304,data/processed/experiments/nv29_h4_thr0p_3pct_tolerant_0p_1pct_55p_config.json,notebooks/results/two_stage__nv29_h4_thr0p_3pct_tolerant_0p_1pct_55p.json,notebooks/results/final_two_stage/two_stage_final__nv29_h4_thr0p_3pct_tolerant_0p_1pct_55p.json,Horizont (h): 6 → 4 | Up-Schwelle: 1.50% → 0.30% | Down-Schwelle: -1.50% → -0.30% | max_adverse_move_pct: — → 1.55% | Signal-scale_pos_weight: 4.8604651162790695 → 0.37454545454545457
2025-11-28,nv,nv30_h4_thr0p_3pct_tolerant_0p_1pct_55p,4,0.003,-0.003,False,0.0155,,,,35,0.55,,,,0.6758620689655173,0.6900584795321637,0.6666666666666666,0.4541284403669725,0.4546077970735505,data/processed/experiments/nv30_h4_thr0p_3pct_tolerant_0p_1pct_55p_config.json,notebooks/results/two_stage__nv30_h4_thr0p_3pct_tolerant_0p_1pct_55p.json,notebooks/results/final_two_stage/two_stage_final__nv30_h4_thr0p_3pct_tolerant_0p_1pct_55p.json,Signal-Threshold: 0.5 → 0.55
2025-11-28,nv,nv31_h4_thr0p_3pct_tolerant_0p_1pct_6p,4,0.003,-0.003,False,0.01,,,,35,0.6,,,,0.6142322097378277,0.7017543859649122,0.6792452830188679,0.41743119266055045,0.4179184842856937,data/processed/experiments/nv31_h4_thr0p_3pct_tolerant_0p_1pct_6p_config.json,notebooks/results/two_stage__nv31_h4_thr0p_3pct_tolerant_0p_1pct_6p.json,notebooks/results/final_two_stage/two_stage_final__nv31_h4_thr0p_3pct_tolerant_0p_1pct_6p.json,max_adverse_move_pct: 1.55% → 1.00% | Signal-Threshold: 0.55 → 0.6 | Signal-scale_pos_weight: 0.37454545454545457 → 0.3974121996303142
2025-11-28,nv,nv32_h4_thr0p_3pct_tolerant_0p_1pct_5_75p,4,0.003,-0.003,False,0.01,,,,35,0.575,,,,0.65,0.7017543859649122,0.6792452830188679,0.42201834862385323,0.42100788645462534,data/processed/experiments/nv32_h4_thr0p_3pct_tolerant_0p_1pct_5_75p_config.json,notebooks/results/two_stage__nv32_h4_thr0p_3pct_tolerant_0p_1pct_5_75p.json,notebooks/results/final_two_stage/two_stage_final__nv32_h4_thr0p_3pct_tolerant_0p_1pct_5_75p.json,Signal-Threshold: 0.6 → 0.575
2025-11-28,nv,nv33_h3_thr0p_3pct_tolerant_0p_1pct_55p,3,0.003,-0.003,False,0.01,,,,35,0.55,,,,0.0,0.7204968944099379,0.6896551724137931,0.3013698630136986,0.1543859649122807,data/processed/experiments/nv33_h3_thr0p_3pct_tolerant_0p_1pct_55p_config.json,notebooks/results/two_stage__nv33_h3_thr0p_3pct_tolerant_0p_1pct_55p.json,notebooks/results/final_two_stage/two_stage_final__nv33_h3_thr0p_3pct_tolerant_0p_1pct_55p.json,Horizont (h): 4 → 3 | Signal-Threshold: 0.575 → 0.55 | Signal-scale_pos_weight: 0.3974121996303142 → 0.45664739884393063
2025-11-28,nv,nv34_h5_thr0p_3pct_tolerant_0p_1pct_55p,5,0.003,-0.003,False,0.01,,,,35,0.55,,,,0.7297297297297297,0.6490066225165563,0.6580645161290323,0.4838709677419355,0.48300253872819704,data/processed/experiments/nv34_h5_thr0p_3pct_tolerant_0p_1pct_55p_config.json,notebooks/results/two_stage__nv34_h5_thr0p_3pct_tolerant_0p_1pct_55p.json,notebooks/results/final_two_stage/two_stage_final__nv34_h5_thr0p_3pct_tolerant_0p_1pct_55p.json,Horizont (h): 3 → 5 | Signal-scale_pos_weight: 0.45664739884393063 → 0.3820840950639854
2025-11-28,nv,nv35_h5_thr0p_4pct_tolerant_0p_1pct_55p,5,0.004,-0.004,False,0.01,,,,35,0.55,,,,0.0,0.6277372262773723,0.6382978723404256,0.35944700460829493,0.17627118644067796,data/processed/experiments/nv35_h5_thr0p_4pct_tolerant_0p_1pct_55p_config.json,notebooks/results/two_stage__nv35_h5_thr0p_4pct_tolerant_0p_1pct_55p.json,notebooks/results/final_two_stage/two_stage_final__nv35_h5_thr0p_4pct_tolerant_0p_1pct_55p.json,Up-Schwelle: 0.30% → 0.40% | Down-Schwelle: -0.30% → -0.40% | Signal-scale_pos_weight: 0.3820840950639854 → 0.5365853658536586
2025-11-28,nv,nv36_h5_thr0p_35pct_tolerant_0p_1pct_55p,5,0.0035,-0.0035,False,0.01,,,,35,0.55,,,,0.0,0.6029411764705882,0.6582278481012658,0.3225806451612903,0.16260162601626016,data/processed/experiments/nv36_h5_thr0p_35pct_tolerant_0p_1pct_55p_config.json,notebooks/results/two_stage__nv36_h5_thr0p_35pct_tolerant_0p_1pct_55p.json,notebooks/results/final_two_stage/two_stage_final__nv36_h5_thr0p_35pct_tolerant_0p_1pct_55p.json,Up-Schwelle: 0.40% → 0.35% | Down-Schwelle: -0.40% → -0.35% | Signal-scale_pos_weight: 0.5365853658536586 → 0.4594594594594595
2025-11-28,hv,hv1_h4_thr0p3pct_hit,4,0.003,-0.003,False,0.01,True,,,35,0.55,,,,0.9619047619047619,0.6995073891625616,0.7214611872146118,0.6605504587155964,0.45659198050744215,data/processed/experiments/hv1_h4_thr0p3pct_hit_config.json,notebooks/results/two_stage__hv1_h4_thr0p3pct_hit.json,notebooks/results/final_two_stage/two_stage_final__hv1_h4_thr0p3pct_hit.json,
2025-11-28,hv,hv2_h4_thr0p4pct_hit,4,0.004,-0.004,False,0.01,True,,,35,0.55,,,,0.9002557544757033,0.7307692307692307,0.7142857142857143,0.6146788990825688,0.49130434782608695,data/processed/experiments/hv2_h4_thr0p4pct_hit_config.json,notebooks/results/two_stage__hv2_h4_thr0p4pct_hit.json,notebooks/results/final_two_stage/two_stage_final__hv2_h4_thr0p4pct_hit.json,Up-Schwelle: 0.30% → 0.40% | Down-Schwelle: -0.30% → -0.40% | Signal-scale_pos_weight: 0.07539118065433854 → 0.18309859154929578
2025-11-28,hv,hv3_h4_thr0p5pct_hit,4,0.005,-0.005,False,0.01,True,,,35,0.55,,,,0.8626373626373627,0.7553191489361702,0.7261904761904762,0.5871559633027523,0.5296262605844171,data/processed/experiments/hv3_h4_thr0p5pct_hit_config.json,notebooks/results/two_stage__hv3_h4_thr0p5pct_hit.json,notebooks/results/final_two_stage/two_stage_final__hv3_h4_thr0p5pct_hit.json,Up-Schwelle: 0.40% → 0.50% | Down-Schwelle: -0.40% → -0.50% | Signal-scale_pos_weight: 0.18309859154929578 → 0.33568904593639576
2025-11-28,hv,hv4_h4_thr0p4pct_hit,4,0.004,-0.004,False,0.01,True,,,35,0.5,,,,0.9141414141414141,0.7307692307692307,0.7142857142857143,0.6284403669724771,0.5014991181657847,data/processed/experiments/hv4_h4_thr0p4pct_hit_config.json,notebooks/results/two_stage__hv4_h4_thr0p4pct_hit.json,notebooks/results/final_two_stage/two_stage_final__hv4_h4_thr0p4pct_hit.json,Up-Schwelle: 0.50% → 0.40% | Down-Schwelle: -0.50% → -0.40% | Signal-Threshold: 0.55 → 0.5 | Signal-scale_pos_weight: 0.33568904593639576 → 0.18309859154929578
2025-11-28,hv,hv5_h4_thr0p4pct_hit,4,0.004,-0.004,False,0.01,True,,,35,0.5,,,,0.9141414141414141,0.7555555555555555,0.6927374301675978,0.6192660550458715,0.49393939393939396,data/processed/experiments/hv5_h4_thr0p4pct_hit_config.json,notebooks/results/two_stage__hv5_h4_thr0p4pct_hit.json,notebooks/results/final_two_stage/two_stage_final__hv5_h4_thr0p4pct_hit.json,
2025-11-28,hv,hv5_h4_thr0p4pct_hit_2,4,0.004,-0.004,False,0.01,True,,,35,0.5,,,,0.9141414141414141,0.7555555555555555,0.6927374301675978,0.6192660550458715,0.49393939393939396,data/processed/experiments/hv5_h4_thr0p4pct_hit_2_config.json,notebooks/results/two_stage__hv5_h4_thr0p4pct_hit_2.json,notebooks/results/final_two_stage/two_stage_final__hv5_h4_thr0p4pct_hit_2.json,
2025-11-29,hv,hv5_h4_thr0p4pct_hit_3,4,0.004,-0.004,False,0.01,True,,,35,0.5,,,,0.9141414141414141,0.7555555555555555,0.6927374301675978,0.6192660550458715,0.49393939393939396,data/processed/experiments/hv5_h4_thr0p4pct_hit_3_config.json,notebooks/results/two_stage__hv5_h4_thr0p4pct_hit_3.json,notebooks/results/final_two_stage/two_stage_final__hv5_h4_thr0p4pct_hit_3.json,
2025-11-29,hv,hv5_h4_thr0p4pct_hit_4,4,0.004,-0.004,False,0.01,True,,,35,0.5,,,,0.9141414141414141,0.7555555555555555,0.6927374301675978,0.6192660550458715,0.49393939393939396,data/processed/experiments/hv5_h4_thr0p4pct_hit_4_config.json,notebooks/results/two_stage__hv5_h4_thr0p4pct_hit_4.json,notebooks/results/final_two_stage/two_stage_final__hv5_h4_thr0p4pct_hit_4.json,
2025-11-29,hv,hv5_h4_thr0p4pct_hit_5,4,0.004,-0.004,False,0.01,True,,,35,0.5,,,,0.9141414141414141,0.7555555555555555,0.6927374301675978,0.6192660550458715,0.49393939393939396,data/processed/experiments/hv5_h4_thr0p4pct_hit_5_config.json,notebooks/results/two_stage__hv5_h4_thr0p4pct_hit_5.json,notebooks/results/final_two_stage/two_stage_final__hv5_h4_thr0p4pct_hit_5.json,
2025-11-30,hv,hv5_h4_thr0p4pct_hit_6,4,0.004,-0.004,False,0.01,True,,,35,0.5,,0.3,0.625,0.9141414141414141,0.7555555555555555,0.6927374301675978,0.5137614678899083,0.4511875564340972,data/processed/experiments/hv5_h4_thr0p4pct_hit_6_config.json,notebooks/results/two_stage__hv5_h4_thr0p4pct_hit_6.json,notebooks/results/final_two_stage/two_stage_final__hv5_h4_thr0p4pct_hit_6.json,"Direction-Thresholds: down None→0.3, up None→0.625"
2025-11-30,hv,hv5_h4_thr0p4pct_hit_6_2,4,0.004,-0.004,False,0.01,True,,news+price,35,0.5,0.7,0.3,0.625,0.9141414141414141,0.7555555555555555,0.6927374301675978,0.47706422018348627,0.43309044386400747,data/processed/experiments/hv5_h4_thr0p4pct_hit_6_2_config.json,notebooks/results/two_stage__hv5_h4_thr0p4pct_hit_6_2.json,notebooks/results/final_two_stage/two_stage_final__hv5_h4_thr0p4pct_hit_6_2.json,Trade-Signal-Threshold: None → 0.7 | feature_mode: None → news+price
2025-11-30,hp1,hp1_h4_thr0p4pct_hit_1,4,0.004,-0.004,False,0.01,True,,price_only,21,0.5,,0.3,0.5249999999999999,0.9195979899497487,0.7601809954751131,0.7103825136612022,0.5504587155963303,0.4746954459978743,data/processed/experiments/hp1_h4_thr0p4pct_hit_1_config.json,notebooks/results/two_stage__hp1_h4_thr0p4pct_hit_1.json,notebooks/results/final_two_stage/two_stage_final__hp1_h4_thr0p4pct_hit_1.json,
2025-11-30,hpL,hpL1_h4_thr0p4pct_hit_1,4,0.004,-0.004,False,0.01,True,,price_only,21,0.5,,0.3,0.5249999999999999,0.9195979899497487,0.7601809954751131,0.7103825136612022,0.5504587155963303,0.4746954459978743,data/processed/experiments/hpL1_h4_thr0p4pct_hit_1_config.json,notebooks/results/two_stage__hpL1_h4_thr0p4pct_hit_1.json,notebooks/results/final_two_stage/two_stage_final__hpL1_h4_thr0p4pct_hit_1.json,
2025-11-30,hp_long,hp_long1_h4_thr0p4pct_hit_1,4,0.004,-0.004,False,0.01,True,,price_only,21,0.5,,0.3,0.6749999999999999,0.92,0.7631578947368421,0.6931818181818182,0.42660550458715596,0.41256569517439085,data/processed/experiments/hp_long1_h4_thr0p4pct_hit_1_config.json,notebooks/results/two_stage__hp_long1_h4_thr0p4pct_hit_1.json,notebooks/results/final_two_stage/two_stage_final__hp_long1_h4_thr0p4pct_hit_1.json,
2025-11-30,hp_long,hp_long_h4_thr0p4pct_hit_1,4,0.004,-0.004,False,0.01,True,,price_only,21,0.5,,0.3,0.6749999999999999,0.92,0.7631578947368421,0.6931818181818182,0.42660550458715596,0.41256569517439085,data/processed/experiments/hp_long_h4_thr0p4pct_hit_1_config.json,notebooks/results/two_stage__hp_long_h4_thr0p4pct_hit_1.json,notebooks/results/final_two_stage/two_stage_final__hp_long_h4_thr0p4pct_hit_1.json,
2025-11-30,hp_long,hp_long_h4_thr0p4pct_hit_1_2,4,0.004,-0.004,False,0.01,True,,price_only,21,0.5,0.425,0.3,0.6749999999999999,0.92,0.7631578947368421,0.6931818181818182,0.42660550458715596,0.4118831139909152,data/processed/experiments/hp_long_h4_thr0p4pct_hit_1_2_config.json,notebooks/results/two_stage__hp_long_h4_thr0p4pct_hit_1_2.json,notebooks/results/final_two_stage/two_stage_final__hp_long_h4_thr0p4pct_hit_1_2.json,Trade-Signal-Threshold: None → 0.425
2025-11-30,hp_long,hp_long_h4_thr0p4pct_hit_1_3,4,0.004,-0.004,False,0.01,True,,price_only,16,0.5,0.5,0.3,0.7,0.9141414141414141,0.75,0.6888888888888889,0.44036697247706424,0.4276994393451805,data/processed/experiments/hp_long_h4_thr0p4pct_hit_1_3_config.json,notebooks/results/two_stage__hp_long_h4_thr0p4pct_hit_1_3.json,notebooks/results/final_two_stage/two_stage_final__hp_long_h4_thr0p4pct_hit_1_3.json,"Trade-Signal-Threshold: 0.425 → 0.5 | Direction-Thresholds: down 0.3→0.3, up 0.6749999999999999→0.7 | Feature-Anzahl: 21 → 16"
2025-11-30,hp_long,hp_long_h4_thr0p4pct_hit_1_4,4,0.004,-0.004,False,0.01,True,,price_only,25,0.5,0.7,0.3,0.7,0.9306930693069307,0.7567567567567568,0.7032967032967034,0.41743119266055045,0.4095660507040899,data/processed/experiments/hp_long_h4_thr0p4pct_hit_1_4_config.json,notebooks/results/two_stage__hp_long_h4_thr0p4pct_hit_1_4.json,notebooks/results/final_two_stage/two_stage_final__hp_long_h4_thr0p4pct_hit_1_4.json,Trade-Signal-Threshold: 0.5 → 0.7 | Feature-Anzahl: 16 → 25
2025-12-12,hp_long_eod,hp_long_eod_h4_thr0p3pct_hit_7,4,0.003,-0.003,False,0.01,True,eodhd,price_only,21,0.5,0.3,0.3,0.5499999999999999,0.9217391304347826,0.681704260651629,0.23030303030303031,0.12422360248447205,0.07366482504604051,data/processed/experiments/hp_long_eod_h4_thr0p3pct_hit_7_config.json,notebooks/results/two_stage__hp_long_eod_h4_thr0p3pct_hit_7.json,notebooks/results/final_two_stage/two_stage_final__hp_long_eod_h4_thr0p3pct_hit_7.json,
2025-12-12,hp_long_eod,hp_long_eod_h4_thr0p4pct_hit_1,4,0.004,-0.004,False,0.01,True,eodhd,price_only,21,0.5,0.5,0.375,0.6,0.6208530805687204,0.6945169712793734,0.12030075187969924,0.19875776397515527,0.11053540587219345,data/processed/experiments/hp_long_eod_h4_thr0p4pct_hit_1_config.json,notebooks/results/two_stage__hp_long_eod_h4_thr0p4pct_hit_1.json,notebooks/results/final_two_stage/two_stage_final__hp_long_eod_h4_thr0p4pct_hit_1.json,"Up-Schwelle: 0.30% → 0.40% | Down-Schwelle: -0.30% → -0.40% | Trade-Signal-Threshold: 0.3 → 0.5 | Direction-Thresholds: down 0.3→0.375, up 0.5499999999999999→0.6 | Signal-scale_pos_weight: 0.0863770977295163 → 0.18333333333333332"
2025-12-12,hp_long_eod,hp_long_eod_h4_thr0p4pct_hit_2,4,0.004,-0.004,False,0.01,True,eodhd,price_only,21,0.5,0.7,0.3,0.7,0.6208530805687204,0.6945169712793734,0.12030075187969924,0.19875776397515527,0.11053540587219345,data/processed/experiments/hp_long_eod_h4_thr0p4pct_hit_2_config.json,notebooks/results/two_stage__hp_long_eod_h4_thr0p4pct_hit_2.json,notebooks/results/final_two_stage/two_stage_final__hp_long_eod_h4_thr0p4pct_hit_2.json,"Trade-Signal-Threshold: 0.5 → 0.7 | Direction-Thresholds: down 0.375→0.3, up 0.6→0.7"
2025-12-12,hp_long_eod,hp_long_eod_h4_thr0p4pct_hit_8,4,0.004,-0.004,False,0.01,True,eodhd,price_only,21,0.5,0.5,0.375,0.6,0.6208530805687204,0.6945169712793734,0.12030075187969924,0.19875776397515527,0.11053540587219345,data/processed/experiments/hp_long_eod_h4_thr0p4pct_hit_8_config.json,notebooks/results/two_stage__hp_long_eod_h4_thr0p4pct_hit_8.json,notebooks/results/final_two_stage/two_stage_final__hp_long_eod_h4_thr0p4pct_hit_8.json,"Trade-Signal-Threshold: 0.7 → 0.5 | Direction-Thresholds: down 0.3→0.375, up 0.7→0.6"
2025-12-12,hp_long_eod,hp_long_eod_h4_thr0p5pct_hit_3,4,0.005,-0.005,False,0.01,True,eodhd,price_only,21,0.5,0.3,0.475,0.5249999999999999,0.7533039647577092,0.7146974063400576,0.0,0.30745341614906835,0.15676959619952494,data/processed/experiments/hp_long_eod_h4_thr0p5pct_hit_3_config.json,notebooks/results/two_stage__hp_long_eod_h4_thr0p5pct_hit_3.json,notebooks/results/final_two_stage/two_stage_final__hp_long_eod_h4_thr0p5pct_hit_3.json,"Up-Schwelle: 0.40% → 0.50% | Down-Schwelle: -0.40% → -0.50% | Trade-Signal-Threshold: 0.5 → 0.3 | Direction-Thresholds: down 0.375→0.475, up 0.6→0.5249999999999999 | Signal-scale_pos_weight: 0.18333333333333332 → 0.34125533211456427"
2025-12-12,hp_long_eod,hp_long_eod_h4_thr0p6pct_hit_6,4,0.006,-0.006,False,0.01,True,eodhd,price_only,21,0.5,0.3,0.475,0.5249999999999999,0.6997518610421837,0.7284768211920529,0.0,0.39751552795031053,0.20374531835205992,data/processed/experiments/hp_long_eod_h4_thr0p6pct_hit_6_config.json,notebooks/results/two_stage__hp_long_eod_h4_thr0p6pct_hit_6.json,notebooks/results/final_two_stage/two_stage_final__hp_long_eod_h4_thr0p6pct_hit_6.json,Up-Schwelle: 0.50% → 0.60% | Down-Schwelle: -0.50% → -0.60% | Signal-scale_pos_weight: 0.34125533211456427 → 0.5413165266106442
2025-12-12,hp_long_eod,hp_long_eod_h5_thr0p4pct_hit_5,5,0.004,-0.004,False,0.01,True,eodhd,price_only,21,0.5,0.3,0.3,0.5249999999999999,0.5823389021479713,0.680952380952381,0.06944444444444445,0.12149532710280374,0.07222222222222223,data/processed/experiments/hp_long_eod_h5_thr0p4pct_hit_5_config.json,notebooks/results/two_stage__hp_long_eod_h5_thr0p4pct_hit_5.json,notebooks/results/final_two_stage/two_stage_final__hp_long_eod_h5_thr0p4pct_hit_5.json,"Horizont (h): 4 → 5 | Up-Schwelle: 0.60% → 0.40% | Down-Schwelle: -0.60% → -0.40% | Direction-Thresholds: down 0.475→0.3, up 0.5249999999999999→0.5249999999999999 | Signal-scale_pos_weight: 0.5413165266106442 → 0.11386639676113361"
2025-12-12,hp_long_eod,hp_long_eod_h5_thr0p5pct_hit_4,5,0.005,-0.005,False,0.01,True,eodhd,price_only,21,0.5,0.5,0.39999999999999997,0.5499999999999999,0.7619047619047619,0.6869806094182825,0.2206896551724138,0.22741433021806853,0.15368610204757174,data/processed/experiments/hp_long_eod_h5_thr0p5pct_hit_4_config.json,notebooks/results/two_stage__hp_long_eod_h5_thr0p5pct_hit_4.json,notebooks/results/final_two_stage/two_stage_final__hp_long_eod_h5_thr0p5pct_hit_4.json,"Up-Schwelle: 0.40% → 0.50% | Down-Schwelle: -0.40% → -0.50% | Trade-Signal-Threshold: 0.3 → 0.5 | Direction-Thresholds: down 0.3→0.39999999999999997, up 0.5249999999999999→0.5499999999999999 | Signal-scale_pos_weight: 0.11386639676113361 → 0.23236282194848823"
,nv,nv1_h6_thr2p_tolerant0p4pct,6,0.2,-0.2,False,0.004,,,,,,,,,,,,,,data/processed/experiments/nv1_h6_thr2p_tolerant0p4pct_config.json,,,Horizont (h): 5 → 6 | Up-Schwelle: 0.35% → 20.00% | Down-Schwelle: -0.35% → -20.00% | max_adverse_move_pct: 1.00% → 0.40% | Signal-Threshold: 0.55 → None
,nv,nv2_4_thr0p_5pct_tolerant0p3pct,4,0.5,-0.5,False,0.003,,,,,,,,,,,,,,data/processed/experiments/nv2_4_thr0p_5pct_tolerant0p3pct_config.json,,,Horizont (h): 6 → 4 | Up-Schwelle: 20.00% → 50.00% | Down-Schwelle: -20.00% → -50.00% | max_adverse_move_pct: 0.40% → 0.30%
,nv,nv2_4_thr0p_5pct_tolerant0p4pct,4,0.5,-0.5,False,0.003,,,,,,,,,,,,,,data/processed/experiments/nv2_4_thr0p_5pct_tolerant0p4pct_config.json,,,
,nv,nv2_4_thr0p_65pct_tolerant0p4pct,4,0.65,-0.65,False,0.004,,,,,,,,,,,,,,data/processed/experiments/nv2_4_thr0p_65pct_tolerant0p4pct_config.json,,,Up-Schwelle: 50.00% → 65.00% | Down-Schwelle: -50.00% → -65.00% | max_adverse_move_pct: 0.30% → 0.40%
,nv,nv2_4_thr0p_6pct_tolerant0p4pct,4,0.6,-0.6,False,0.004,,,,,,,,,,,,,,data/processed/experiments/nv2_4_thr0p_6pct_tolerant0p4pct_config.json,,,Up-Schwelle: 65.00% → 60.00% | Down-Schwelle: -65.00% → -60.00%
,nv,nv2_4_thr0p_7pct_tolerant0p4pct,4,0.7,-0.7,False,0.004,,,,,,,,,,,,,,data/processed/experiments/nv2_4_thr0p_7pct_tolerant0p4pct_config.json,,,Up-Schwelle: 60.00% → 70.00% | Down-Schwelle: -60.00% → -70.00%
,nv,nv2_4_thr0p_8pct_tolerant0p4pct,4,0.8,-0.8,False,0.004,,,,,,,,,,,,,,data/processed/experiments/nv2_4_thr0p_8pct_tolerant0p4pct_config.json,,,Up-Schwelle: 70.00% → 80.00% | Down-Schwelle: -70.00% → -80.00%
,nv,nv2_5_thr0p_9pct_tolerant0p4pct,5,0.9,-0.9,False,0.004,,,,,,,,,,,,,,data/processed/experiments/nv2_5_thr0p_9pct_tolerant0p4pct_config.json,,,Horizont (h): 4 → 5 | Up-Schwelle: 80.00% → 90.00% | Down-Schwelle: -80.00% → -90.00%
,nv,nv2_5_thr1p_0pct_tolerant0p4pct,5,0.1,-0.1,False,0.004,,,,,,,,,,,,,,data/processed/experiments/nv2_5_thr1p_0pct_tolerant0p4pct_config.json,,,Up-Schwelle: 90.00% → 10.00% | Down-Schwelle: -90.00% → -10.00%
,nv,nv2_6_thr0p_8pct_tolerant0p4pct,6,0.08,-0.08,False,0.004,,,,,,,,,,,,,,data/processed/experiments/nv2_6_thr0p_8pct_tolerant0p4pct_config.json,,,Horizont (h): 5 → 6 | Up-Schwelle: 10.00% → 8.00% | Down-Schwelle: -10.00% → -8.00%
,nv,nv2_6_thr1p_0pct_tolerant0p1pct,6,0.1,-0.1,False,0.001,,,,,,,,,,,,,,data/processed/experiments/nv2_6_thr1p_0pct_tolerant0p1pct_config.json,,,Up-Schwelle: 8.00% → 10.00% | Down-Schwelle: -8.00% → -10.00% | max_adverse_move_pct: 0.40% → 0.10%
,nv,nv2_6_thr1p_0pct_tolerant0p4pct,6,0.1,-0.1,False,0.004,,,,,,,,,,,,,,data/processed/experiments/nv2_6_thr1p_0pct_tolerant0p4pct_config.json,,,max_adverse_move_pct: 0.10% → 0.40%
,nv,nv2_h4_thr0p_5pct_tolerant0p4pct,4,0.05,-0.05,False,0.004,,,,,,,,,,,,,,data/processed/experiments/nv2_h4_thr0p_5pct_tolerant0p4pct_config.json,,,Horizont (h): 6 → 4 | Up-Schwelle: 10.00% → 5.00% | Down-Schwelle: -10.00% → -5.00%
,nv,nv2_h4_thr0p_65pct_tolerant0p4pct,4,0.065,-0.065,False,0.004,,,,,,,,,,,,,,data/processed/experiments/nv2_h4_thr0p_65pct_tolerant0p4pct_config.json,,,Up-Schwelle: 5.00% → 6.50% | Down-Schwelle: -5.00% → -6.50%
,nv,nv2_h4_thr0p_7pct_tolerant0p4pct,4,0.07,-0.07,False,0.004,,,,,,,,,,,,,,data/processed/experiments/nv2_h4_thr0p_7pct_tolerant0p4pct_config.json,,,Up-Schwelle: 6.50% → 7.00% | Down-Schwelle: -6.50% → -7.00%
,nv,nv2_h5_thr1p_5pct_tolerant0p4pct,5,0.15,-0.15,False,0.004,,,,,,,,,,,,,,data/processed/experiments/nv2_h5_thr1p_5pct_tolerant0p4pct_config.json,,,Horizont (h): 4 → 5 | Up-Schwelle: 7.00% → 15.00% | Down-Schwelle: -7.00% → -15.00%
,nv,nv2_h5_thr2p_tolerant0p4pct,5,0.2,-0.2,False,0.004,,,,,,,,,,,,,,data/processed/experiments/nv2_h5_thr2p_tolerant0p4pct_config.json,,,Up-Schwelle: 15.00% → 20.00% | Down-Schwelle: -15.00% → -20.00%
,nv,nv2_h6_thr1p_5pct_tolerant0p4pct,6,0.15,-0.15,False,0.004,,,,,,,,,,,,,,data/processed/experiments/nv2_h6_thr1p_5pct_tolerant0p4pct_config.json,,,Horizont (h): 5 → 6 | Up-Schwelle: 20.00% → 15.00% | Down-Schwelle: -20.00% → -15.00%
,nv,nv2_h6_thr2p_tolerant0p4pct,6,0.2,-0.2,False,0.004,,,,,,,,,,,,,,data/processed/experiments/nv2_h6_thr2p_tolerant0p4pct_config.json,,,Up-Schwelle: 15.00% → 20.00% | Down-Schwelle: -15.00% → -20.00%
,nv,nv2_h8_thr1p_5pct_tolerant0p4pct,8,0.15,-0.15,False,0.004,,,,,,,,,,,,,,data/processed/experiments/nv2_h8_thr1p_5pct_tolerant0p4pct_config.json,,,Horizont (h): 6 → 8 | Up-Schwelle: 20.00% → 15.00% | Down-Schwelle: -20.00% → -15.00%
,nv,nv3_h4_thr1p_5pct_tolerant0p5pct,4,0.015,-0.15,False,0.005,,,,,,,,,,,,,,data/processed/experiments/nv3_h4_thr1p_5pct_tolerant0p5pct_config.json,,,Horizont (h): 8 → 4 | Up-Schwelle: 15.00% → 1.50% | max_adverse_move_pct: 0.40% → 0.50%
,nv,nv3_h4_thr2p_0pct_tolerant0p4pct,4,0.02,-0.02,False,0.004,,,,,,,,,,,,,,data/processed/experiments/nv3_h4_thr2p_0pct_tolerant0p4pct_config.json,,,Up-Schwelle: 1.50% → 2.00% | Down-Schwelle: -15.00% → -2.00% | max_adverse_move_pct: 0.50% → 0.40%
,nv,nv3_h5_thr0p_9pct_tolerant0p5pct,5,0.009,-0.09,False,0.005,,,,,,,,,,,,,,data/processed/experiments/nv3_h5_thr0p_9pct_tolerant0p5pct_config.json,,,Horizont (h): 4 → 5 | Up-Schwelle: 2.00% → 0.90% | Down-Schwelle: -2.00% → -9.00% | max_adverse_move_pct: 0.40% → 0.50%
,nv,nv3_h5_thr1p_0pct_tolerant0p5pct,5,0.01,-0.1,False,0.005,,,,,,,,,,,,,,data/processed/experiments/nv3_h5_thr1p_0pct_tolerant0p5pct_config.json,,,Up-Schwelle: 0.90% → 1.00% | Down-Schwelle: -9.00% → -10.00%
,nv,nv22_h4_thr0p_25pct_tolerant_p_pct_55p,4,0.0025,-0.025,False,,,,,,,,,,,,,,,data/processed/experiments/nv22_h4_thr0p_25pct_tolerant_p_pct_55p_config.json,,,Horizont (h): 5 → 4 | Up-Schwelle: 1.00% → 0.25% | Down-Schwelle: -10.00% → -2.50% | max_adverse_move_pct: 0.50% → —
,nv,nv22_h4_thr0p_3pct_tolerant_p_pct_51p,4,0.003,-0.03,False,,,,,,,,,,,,,,,data/processed/experiments/nv22_h4_thr0p_3pct_tolerant_p_pct_51p_config.json,,,Up-Schwelle: 0.25% → 0.30% | Down-Schwelle: -2.50% → -3.00%
,nv,nv22_h4_thr0p_3pct_tolerant_p_pct_5p,4,0.003,-0.03,False,,,,,,,,,,,,,,,data/processed/experiments/nv22_h4_thr0p_3pct_tolerant_p_pct_5p_config.json,,,
,nv,nv27_h6_thr1p_0pct_strict_p_pct_5p,6,0.01,-0.01,False,0.005,,,,,,,,,,,,,,data/processed/experiments/nv27_h6_thr1p_0pct_strict_p_pct_5p_config.json,,,Horizont (h): 4 → 6 | Up-Schwelle: 0.30% → 1.00% | Down-Schwelle: -3.00% → -1.00% | max_adverse_move_pct: — → 0.50%
,nv,nv28_h6_thr2p_0pct_tolerant_1p_pct_5p,6,0.02,-0.02,False,0.01,,,,,,,,,,,,,,data/processed/experiments/nv28_h6_thr2p_0pct_tolerant_1p_pct_5p_config.json,,,Up-Schwelle: 1.00% → 2.00% | Down-Schwelle: -1.00% → -2.00% | max_adverse_move_pct: 0.50% → 1.00%
,nv,nv28_h6_thr2p_0pct_tolerant_p_pct_5p,6,0.02,-0.02,False,,,,,,,,,,,,,,,data/processed/experiments/nv28_h6_thr2p_0pct_tolerant_p_pct_5p_config.json,,,max_adverse_move_pct: 1.00% → —
,nv,nv28_h6_thr3p_0pct_tolerant_1p_pct_5p,6,0.03,-0.03,False,0.01,,,,,,,,,,,,,,data/processed/experiments/nv28_h6_thr3p_0pct_tolerant_1p_pct_5p_config.json,,,Up-Schwelle: 2.00% → 3.00% | Down-Schwelle: -2.00% → -3.00% | max_adverse_move_pct: — → 1.00%
,nv,nv28_h6_thr3p_0pct_tolerant_p_pct_5p,6,0.03,-0.03,False,0.005,,,,,,,,,,,,,,data/processed/experiments/nv28_h6_thr3p_0pct_tolerant_p_pct_5p_config.json,,,max_adverse_move_pct: 1.00% → 0.50%
